File Size (lines),Max QPS
10000,13301.175475687103
100000,20484.4907804246
250000,20272.64716357161
500000,20350.30030643514
1000000,20417.76545213158
10000000,20226.805786935554
