File Size (lines),Max QPS
10000,19766.79381627334
100000,19987.12421172778
250000,19922.805647183006
500000,20073.323815704087
1000000,20129.731239092496
10000000,20075.829160530193
100000000,19946.003526027653
500000000,3862.158379373849
1000000000,11881.881019830029
